<?xml version="1.0" encoding="UTF-8"?>
<project-private xmlns="http://www.netbeans.org/ns/project-private/1">
    <editor-bookmarks xmlns="http://www.netbeans.org/ns/editor-bookmarks/2" lastBookmarkId="0"/>
    <open-files xmlns="http://www.netbeans.org/ns/projectui-open-files/2">
        <group>
            <file>file:/C:/NetBeansProject/Quiz/web/signin.html</file>
            <file>file:/C:/NetBeansProject/Quiz/web/crtans.html</file>
            <file>file:/C:/NetBeansProject/Quiz/web/index.html</file>
            <file>file:/C:/NetBeansProject/Quiz/web/question.html</file>
            <file>file:/C:/NetBeansProject/Quiz/web/signup.jsp</file>
            <file>file:/C:/NetBeansProject/Quiz/web/login.html</file>
            <file>file:/C:/NetBeansProject/Quiz/web/login.jsp</file>
            <file>file:/C:/NetBeansProject/Quiz/src/java/QuestionServlet.java</file>
        </group>
    </open-files>
</project-private>
